Hr,Q_load
0,9896.734717
1,10203.10672
2,10370.21872
3,10676.59072
4,10843.70272
5,10676.59072
6,10676.59072
7,10843.70272
8,11150.07472
9,10063.84672
10,9283.990717
11,8671.246717
12,-8058.502717
13,-7417.906717
14,-7585.018717
15,-7891.390717
16,-8810.506717
17,-9896.734717
18,-10370.21872
19,-10203.10672
20,-10843.70272
21,-10509.47872
22,-10843.70272
23,-10982.96272
